att1,att2,att3,att4,att5,binaryClass
1,0,0,133.150861,1.311693,P
1,0,0,126.724861,1.302745,P
1,0,0,131.173861,1.319031,P
1,0,0,129.478861,1.270878,P
1,0,0,127.262861,1.329637,P
1,0,0,131.058861,1.310403,P
1,0,0,138.442861,1.379906,P
1,0,0,129.346861,1.305646,P
1,0,0,139.542861,1.374661,P
1,0,0,132.628861,1.374434,P
1,0,0,128.684861,1.319394,P
1,0,0,129.346861,1.210899,P
1,0,0,141.072861,1.336216,P
1,0,0,130.810861,1.248912,P
1,0,0,131.868861,1.299064,P
1,0,0,128.618861,1.225879,P
1,0,0,127.129861,1.270321,P
1,0,0,135.846861,1.366889,P
1,0,0,127.758861,1.362188,P
1,0,0,134.324861,1.301996,P
1,0,0,127.923861,1.327469,P
1,0,0,128.800861,1.242598,P
1,0,0,132.422861,1.236974,P
1,0,0,129.288861,1.255408,P
1,0,0,136.110861,1.272122,P
1,0,0,131.322861,1.262507,P
1,0,0,134.258861,1.277449,P
1,0,0,134.506861,1.362977,P
1,0,0,131.702861,1.337155,P
1,0,0,134.820861,1.249143,P
1,0,0,130.322861,1.258018,P
1,0,0,128.469861,1.304331,P
1,0,0,129.817861,1.296367,P
1,0,0,123.268861,1.175559,P
1,0,0,123.342861,1.343222,P
1,0,0,133.034861,1.250948,P
1,0,0,129.164861,1.234612,P
1,0,0,133.232861,1.369648,P
1,0,0,130.156861,1.287706,P
1,0,0,123.887861,1.288205,P
1,0,0,130.694861,1.343557,P
1,0,0,122.448861,1.21294,P
1,0,0,127.948861,1.317956,P
1,0,0,132.976861,1.302848,P
1,0,0,128.916861,1.219017,P
1,0,0,136.226861,1.329887,P
1,0,0,134.820861,1.276998,P
1,0,0,134.249861,1.285432,P
1,0,0,125.136861,1.298548,P
1,0,0,130.578861,1.268686,P
1,0,0,124.384861,1.364778,P
1,0,0,134.804861,1.292236,P
1,0,0,124.136861,1.263616,P
1,0,0,128.122861,1.238959,P
1,0,0,127.766861,1.232623,P
1,0,0,131.198861,1.287761,P
1,0,0,128.858861,1.270186,P
1,0,0,133.282861,1.291134,P
1,0,0,133.306861,1.30766,P
1,0,0,126.774861,1.342144,P
1,0,0,127.948861,1.32415,P
1,0,0,129.552861,1.320467,P
1,0,0,127.650861,1.269962,P
1,0,0,132.794861,1.300281,P
1,0,0,130.156861,1.428109,P
1,0,0,136.822861,1.269062,P
1,0,0,133.018861,1.294699,P
1,0,0,135.300861,1.306836,P
1,0,0,125.310861,1.283107,P
1,0,0,135.862861,1.340864,P
1,0,0,130.958861,1.348961,P
1,0,0,130.140861,1.293127,P
1,0,0,124.996861,1.21807,P
1,0,0,128.924861,1.201011,P
1,0,0,134.018861,1.345078,P
1,0,0,129.676861,1.273593,P
1,0,0,128.667861,1.272193,P
1,0,0,126.998861,1.26663,P
1,0,0,132.678861,1.326601,P
1,0,0,123.945861,1.239283,P
1,0,0,130.230861,1.317101,P
1,0,0,128.973861,1.311147,P
1,0,0,124.425861,1.276571,P
1,0,0,132.215861,1.26305,P
1,0,0,131.802861,1.30883,P
1,0,0,127.460861,1.292413,P
1,0,0,130.578861,1.217083,P
1,0,0,126.278861,1.210506,P
1,0,0,125.600861,1.164346,P
1,0,0,130.660861,1.359555,P
1,0,0,134.936861,1.264624,P
1,0,0,130.636861,1.216297,P
1,0,0,126.956861,1.275816,P
1,0,0,136.648861,1.27366,P
1,0,0,136.392861,1.386569,P
1,0,0,133.298861,1.354236,P
1,0,0,125.186861,1.196588,P
1,0,0,128.419861,1.334423,P
1,0,0,125.070861,1.273953,P
1,0,0,131.372861,1.358671,P
1,0,0,134.010861,1.270042,P
1,0,0,134.235861,1.360231,P
1,0,0,131.554861,1.294393,P
1,0,0,134.746861,1.322585,P
1,0,0,133.464861,1.296726,P
1,0,0,134.390861,1.279433,P
1,0,0,123.236861,1.365678,P
1,0,0,121.986861,1.303442,P
1,0,0,127.072861,1.18247,P
1,0,0,126.882861,1.22769,P
1,0,0,131.934861,1.251781,P
1,0,0,136.598861,1.327176,P
1,0,0,129.164861,1.263976,P
1,0,0,131.794861,1.22375,P
1,0,0,132.406861,1.290279,P
1,0,0,129.329861,1.306311,P
1,0,0,125.442861,1.298215,P
1,0,0,130.280861,1.298552,P
1,0,0,129.098861,1.276454,P
1,0,0,128.304861,1.245116,P
1,0,0,131.487861,1.367231,P
1,0,0,134.490861,1.295977,P
1,0,0,132.596861,1.316714,P
1,0,0,135.060861,1.252043,P
1,0,0,132.612861,1.274169,P
1,0,0,132.596861,1.374103,P
1,0,0,134.820861,1.367925,P
1,0,0,128.742861,1.292125,P
1,0,0,127.816861,1.461082,P
1,0,0,136.912861,1.412175,P
1,0,0,121.572861,1.248125,P
1,0,0,139.666861,1.463253,P
1,0,0,131.256861,1.26114,P
1,0,0,127.956861,1.289142,P
1,0,0,122.300861,1.258939,P
0,2,0,231.276861,2.38708,P
1,0,0,131.536861,1.355819,P
1,0,0,124.020861,1.221007,P
1,0,0,129.403861,1.310423,P
1,0,0,132.538861,1.274197,P
1,0,0,135.432861,1.26648,P
1,0,0,130.519861,1.368366,P
1,0,0,128.270861,1.23604,P
1,0,0,131.934861,1.356304,P
1,0,0,133.588861,1.38345,P
1,0,0,136.640861,1.302338,P
1,0,0,139.972861,1.313272,P
1,0,0,131.620861,1.278052,P
1,0,0,131.256861,1.236981,P
1,0,0,127.882861,1.327942,P
1,0,0,134.266861,1.271035,P
1,0,0,133.382861,1.272739,P
1,0,0,130.958861,1.279225,P
1,0,0,129.850861,1.299141,P
1,0,0,136.978861,1.30855,P
1,0,0,126.882861,1.226248,P
1,0,0,130.089861,1.332919,P
1,0,0,127.146861,1.21953,P
1,0,0,126.394861,1.26536,P
1,0,0,131.066861,1.246369,P
1,0,0,127.436861,1.193676,P
1,0,0,132.472861,1.327882,P
1,0,0,128.800861,1.283,P
1,0,0,137.880861,1.361614,P
0,2,0,218.300861,2.229401,P
1,0,0,135.978861,1.303489,P
1,0,0,126.998861,1.192205,P
1,0,0,126.186861,1.208926,P
1,0,0,129.891861,1.286668,P
1,0,0,129.362861,1.217773,P
1,0,0,135.738861,1.279935,P
1,0,0,136.086861,1.495439,P
1,0,0,121.656861,1.318004,P
1,0,0,144.016861,1.343802,P
1,0,0,129.048861,1.339143,P
1,0,0,130.512861,1.34887,P
1,0,0,137.822861,1.2931,P
1,0,0,128.146861,1.212417,P
1,0,0,127.873861,1.230064,P
1,0,0,135.043861,1.387344,P
1,0,0,122.904861,1.201994,P
1,0,0,128.354861,1.200291,P
1,0,0,126.782861,1.257423,P
1,0,0,132.414861,1.31166,P
1,0,0,125.170861,1.180945,P
1,0,0,131.620861,1.253776,P
1,0,0,135.176861,1.286184,P
1,0,0,128.502861,1.338924,P
1,0,0,128.799861,1.213826,P
0,2,0,209.418861,2.027482,P
1,0,0,127.138861,1.1922,P
1,0,0,133.464861,1.247392,P
1,0,0,134.258861,1.305215,P
1,0,0,126.939861,1.290469,P
1,0,0,133.076861,1.263331,P
1,0,0,130.082861,1.297389,P
1,0,0,132.124861,1.391938,P
1,0,0,131.488861,1.241247,P
1,0,0,131.562861,1.263348,P
1,0,0,125.219861,1.24423,P
0,2,0,136.194861,1.452134,N
0,2,0,136.806861,1.444288,N
0,2,0,130.084861,1.576239,N
0,3,1,144.026861,1.495583,N
0,3,1,141.470861,1.515987,N
0,2,0,126.560861,1.428086,N
0,2,0,153.222861,1.603066,N
0,2,0,145.646861,1.403479,N
0,3,1,146.382861,1.381846,N
0,2,0,130.578861,1.233348,N
0,3,1,141.222861,1.404113,N
0,3,1,146.556861,1.532271,N
0,3,1,145.464861,1.366312,N
0,3,1,139.238861,1.444885,N
0,2,0,138.534861,1.29265,N
0,2,0,130.512861,1.321653,N
0,2,0,128.024861,1.433186,N
0,2,0,137.616861,1.328427,N
0,2,0,130.570861,1.248051,N
0,2,0,128.536861,1.547521,N
0,2,0,136.102861,1.339141,N
0,2,0,129.288861,1.257645,N
0,2,0,137.170861,1.281326,N
0,3,1,133.960861,1.314075,N
0,2,0,140.172861,1.409521,N
0,2,0,137.608861,1.351495,N
0,2,0,139.204861,1.430091,N
0,2,0,134.126861,1.293981,N
0,3,1,141.942861,1.428227,N
0,2,0,132.406861,1.281139,N
0,2,0,137.616861,1.339452,N
0,3,1,143.380861,1.376832,N
0,2,0,132.092861,1.282635,N
0,3,1,133.332861,1.483292,N
0,2,0,126.740861,1.237281,N
0,4,4,155.074861,1.512981,N
0,4,2,136.185861,1.474322,N
0,3,1,137.724861,1.495394,N
0,2,0,142.388861,1.403554,N
0,2,0,127.278861,1.247775,N
0,3,1,140.312861,1.488617,N
0,2,0,122.854861,1.437803,N
0,3,1,142.686861,1.517025,N
0,2,0,144.149861,1.287839,N
0,2,0,136.086861,1.340616,N
0,3,1,153.908861,1.355455,N
0,3,1,135.160861,1.295648,N
0,2,0,141.528861,1.421352,N
0,2,0,130.859861,1.243694,N
0,2,0,132.216861,1.293065,N
0,2,0,132.720861,1.28569,N
0,2,0,130.139861,1.168549,N
0,2,0,138.906861,1.407563,N
0,2,0,130.067861,1.472378,N
0,2,0,133.994861,1.301875,N
0,2,0,146.598861,1.48455,N
0,3,1,139.584861,1.314732,N
0,3,1,136.078861,1.475338,N
0,3,1,128.776861,1.338133,N
0,2,0,133.208861,1.288899,N
0,2,0,145.448861,1.353467,N
0,3,1,144.976861,1.384161,N
0,2,0,136.499861,1.291446,N
0,3,1,139.658861,1.384271,N
0,3,1,138.037861,1.286606,N
0,3,1,142.826861,1.444492,N
0,2,0,138.030861,1.32854,N
0,3,1,135.615861,1.346694,N
0,3,1,150.354861,1.765731,N
0,2,0,137.748861,1.278342,N
0,3,1,136.583861,1.351292,N
0,3,1,136.293861,1.316427,N
0,2,0,145.058861,1.28951,N
0,3,1,129.990861,1.23125,N
0,3,1,135.482861,1.311673,N
0,2,0,135.300861,1.29178,N
0,3,1,136.318861,1.432133,N
0,2,0,146.233861,1.375825,N
0,3,1,131.174861,1.304211,N
0,3,1,135.202861,1.353539,N
0,2,0,135.474861,1.30016,N
0,2,0,148.756861,1.675862,N
0,3,1,142.496861,1.60662,N
0,2,0,137.682861,1.496046,N
0,3,1,140.081861,1.484068,N
0,2,0,137.170861,1.291275,N
0,3,1,130.818861,1.318817,N
0,2,0,132.472861,1.384071,N
0,3,1,139.584861,1.298194,N
0,3,1,136.616861,1.404436,N
0,2,0,140.188861,1.363674,N
0,3,1,132.604861,1.266766,N
0,2,0,139.692861,1.521276,N
1,2,2,124.004861,1.381671,N
0,2,0,137.542861,1.277814,N
0,3,1,143.976861,1.524258,N
0,3,1,137.599861,1.368942,N
0,2,0,142.711861,1.341198,N
0,2,0,139.419861,1.361058,N
0,2,0,143.628861,1.423621,N
0,3,1,140.568861,1.337488,N
0,2,0,139.261861,1.241062,N
0,3,1,146.589861,1.411742,N
0,2,0,132.580861,1.334876,N
0,3,1,157.316861,1.751471,N
0,3,1,138.269861,1.344208,N
0,3,1,135.136861,1.42566,N
0,2,0,138.626861,1.591197,N
0,2,0,139.948861,1.353317,N
0,3,1,137.228861,1.427897,N
0,3,1,133.720861,1.332009,N
0,3,1,127.469861,1.446466,N
0,2,0,129.024861,1.410364,N
0,3,1,141.610861,1.358262,N
0,3,1,135.664861,1.303493,N
0,2,0,144.472861,1.351759,N
0,3,1,142.528861,1.408378,N
0,2,0,133.795861,1.322084,N
0,3,1,135.292861,1.349351,N
0,2,0,125.534861,1.449347,N
0,2,0,132.770861,1.286175,N
0,2,0,137.723861,1.281582,N
0,3,1,144.398861,1.525507,N
0,3,0,139.394861,1.379951,N
0,3,1,135.689861,1.332648,N
0,2,0,143.876861,1.557583,N
0,2,0,134.597861,1.325947,N
0,3,5,150.543861,1.601697,N
0,2,0,141.710861,1.454872,N
0,3,1,139.676861,1.547861,N
0,2,0,136.152861,1.49052,N
0,2,0,140.990861,1.221036,N
0,2,0,138.642861,1.407615,N
0,2,0,136.988861,1.34054,N
0,2,0,128.122861,1.384995,N
0,2,0,141.024861,1.317326,N
0,3,1,142.686861,1.359963,N
0,3,1,143.165861,1.386056,N
0,2,0,134.424861,1.374619,N
0,3,1,143.828861,1.459323,N
0,2,0,132.290861,1.307212,N
0,2,0,130.363861,1.282674,N
0,2,0,140.130861,1.350325,N
0,2,0,133.290861,1.325249,N
0,2,0,128.818861,1.478618,N
0,2,0,130.040861,1.292936,N
0,3,1,131.744861,1.312326,N
0,2,0,130.092861,1.415676,N
0,2,0,146.696861,1.416077,N
0,3,1,132.382861,1.289276,N
0,2,0,134.350861,1.28271,N
0,2,0,129.263861,1.261157,N
0,2,0,136.094861,1.288339,N
0,3,1,145.266861,1.460744,N
0,3,1,141.876861,1.491559,N
0,2,0,131.290861,1.252061,N
0,2,0,137.062861,1.337247,N
0,3,1,132.976861,1.283637,N
0,2,0,127.552861,1.281806,N
0,3,1,134.010861,1.342451,N
0,2,0,129.058861,1.391034,N
0,3,1,156.034861,1.526002,N
0,3,1,143.034861,1.351755,N
0,2,0,130.347861,1.236025,N
0,2,0,144.448861,1.353771,N
0,3,1,147.640861,1.684927,N
0,2,0,133.381861,1.290572,N
0,2,0,133.928861,1.257261,N
0,3,1,152.246861,1.536802,N
0,2,0,144.580861,1.346122,N
0,2,0,160.790861,1.728012,N
0,2,0,163.220861,1.700665,N
0,2,0,133.754861,1.288134,N
0,3,1,145.200861,1.497661,N
0,2,0,139.056861,1.361597,N
0,2,0,131.545861,1.280362,N
0,3,1,136.574861,1.35959,N
0,3,1,135.060861,1.303754,N
0,2,0,135.978861,1.217897,N
0,2,0,123.342861,1.438571,N
0,2,0,132.869861,1.272218,N
0,2,0,140.610861,1.333344,N
0,2,0,136.822861,1.273891,N
0,2,0,131.397861,1.243176,N
0,3,1,142.272861,1.383946,N
0,2,0,134.606861,1.316439,N
0,3,1,142.082861,1.31785,N
0,2,0,136.144861,1.462082,N
0,3,1,136.665861,1.334972,N
0,2,0,136.872861,1.3386,N
0,2,0,152.470861,1.531241,N
0,2,0,137.798861,1.401772,N
0,2,0,133.862861,1.285434,N
0,2,0,133.315861,1.264884,N
0,2,0,134.837861,1.260916,N
0,2,0,130.818861,1.329903,N
0,3,1,135.507861,1.441723,N
0,2,0,135.152861,1.404386,N
0,2,0,137.600861,1.497378,N
0,3,1,148.400861,1.456604,N
0,2,0,180.084861,2.065354,N
0,2,0,194.706861,2.077484,N
0,2,0,197.734861,2.16143,N
0,2,0,184.724861,1.746729,N
0,2,0,186.130861,1.939374,N
0,2,0,183.450861,1.924623,N
0,2,0,194.020861,2.055514,N
0,2,0,171.368861,1.938348,N
0,2,0,165.546861,1.697337,N
0,2,0,212.356861,2.405833,N
0,2,0,189.910861,1.961442,N
0,2,0,157.886861,1.756449,N
0,2,0,161.766861,1.728495,N
0,3,1,177.024861,1.870185,N
0,2,0,187.114861,1.92869,N
0,2,0,223.296861,2.55883,N
0,3,1,192.646861,2.01692,N
0,2,0,189.504861,2.145209,N
0,2,0,188.312861,2.106427,N
0,2,0,183.070861,2.094414,N
0,2,0,194.706861,2.025968,N
0,2,0,204.382861,2.123762,N
0,3,1,206.194861,2.065553,N
0,2,0,166.214861,1.922235,N
0,2,0,197.262861,2.08986,N
0,2,0,188.256861,1.998681,N
0,3,1,184.492861,2.024295,N
0,2,0,168.836861,1.912786,N
0,2,0,197.874861,2.053352,N
0,2,0,187.750861,2.058486,N
0,2,0,193.260861,2.026141,N
0,2,0,200.942861,2.111057,N
0,2,0,194.864861,1.999253,N
0,2,0,189.100861,2.095565,N
0,2,0,207.822861,2.172815,N
0,2,0,187.014861,1.952584,N
0,2,0,191.150861,1.978231,N
0,2,0,188.520861,1.943182,N
0,2,0,196.550861,1.954214,N
0,2,0,182.714861,1.994255,N
0,2,0,174.974861,2.063824,N
0,2,0,195.880861,2.039572,N
0,2,0,190.564861,2.123288,N
0,2,0,193.068861,1.957658,N
0,3,1,152.494861,1.713878,N
0,2,0,197.130861,1.967326,N
0,2,0,169.382861,1.925193,N
0,2,0,204.366861,2.113582,N
0,2,0,180.324861,1.898403,N
0,2,0,190.992861,1.985973,N
0,2,0,189.372861,1.886365,N
0,2,0,162.403861,1.616716,N
0,2,0,195.236861,2.127745,N
0,2,0,189.346861,2.169786,N
0,2,0,171.400861,2.004225,N
0,2,0,202.538861,2.360232,N
0,2,0,181.648861,2.107822,N
0,2,0,175.800861,1.841819,N
0,2,0,204.515861,2.113703,N
0,2,0,190.885861,1.993,N
0,2,0,195.020861,2.041775,N
0,2,0,183.384861,2.062686,N
0,3,0,185.286861,1.946579,N
0,2,0,144.630861,1.526887,N
0,2,0,175.692861,1.965263,N
0,2,0,164.262861,1.924068,N
0,2,0,187.900861,2.160357,N
1,1,1,153.478861,1.588361,N
0,2,0,178.330861,1.894641,N
0,2,0,176.272861,1.640298,N
0,2,0,194.690861,2.005442,N
0,2,0,193.052861,2.0823,N
0,2,0,200.768861,2.066672,N
0,2,0,200.612861,2.192889,N
0,2,0,206.318861,2.225389,N
0,2,0,163.849861,1.784349,N
0,2,0,204.474861,2.202282,N
0,2,0,198.568861,2.224649,N
0,2,0,198.716861,2.273411,N
0,2,0,182.838861,1.967819,N
0,2,0,198.188861,1.997991,N
0,2,0,190.944861,2.109499,N
0,2,0,192.110861,2.188854,N
0,2,0,161.616861,1.770618,N
0,3,1,187.254861,1.922448,N
0,3,1,197.592861,2.010033,N
0,2,0,185.451861,1.995942,N
0,2,0,187.338861,1.916974,N
0,2,0,206.400861,2.049603,N
0,2,0,185.320861,1.941558,N
0,2,0,194.152861,1.962321,N
0,2,0,187.610861,1.99465,N
0,2,0,177.844861,1.838054,N
0,2,0,189.098861,1.982507,N
0,2,0,201.330861,2.284605,N
0,3,1,177.041861,1.741948,N
0,2,0,177.174861,2.040429,N
0,3,1,176.346861,1.904893,N
0,2,0,172.072861,2.062303,N
0,2,0,193.812861,1.886418,N
0,2,0,190.256861,1.918026,N
0,2,0,200.058861,1.997797,N
0,2,0,178.214861,1.865824,N
0,2,0,176.709861,1.781455,N
0,2,0,188.926861,1.998729,N
0,2,0,200.455861,2.135772,N
0,2,0,184.320861,2.066654,N
0,2,0,206.590861,2.084024,N
0,2,0,171.764861,1.807028,N
0,2,0,181.392861,2.008597,N
0,2,0,205.912861,2.038452,N
0,2,0,185.676861,1.995461,N
0,2,0,175.800861,1.900389,N
0,2,0,192.870861,2.181557,N
0,2,0,190.150861,1.885902,N
0,2,0,193.002861,1.836388,N
0,2,0,162.865861,1.699286,N
0,2,0,187.776861,1.967289,N
0,2,0,156.092861,1.60893,N
0,2,0,202.926861,2.335056,N
0,2,0,176.776861,1.878131,N
0,2,0,205.002861,2.088129,N
1,1,1,159.722861,1.657448,N
0,2,0,189.678861,1.988588,N
0,2,0,192.498861,1.990842,N
0,2,0,169.020861,1.98494,N
0,2,0,197.866861,2.164499,N
0,2,0,194.566861,2.171268,N
0,2,0,190.190861,2.072752,N
0,2,0,203.166861,1.958895,N
0,2,0,200.198861,2.3172,N
0,2,0,180.754861,1.908253,N
0,2,0,162.386861,1.791254,N
0,2,0,184.782861,2.03364,N
0,2,0,200.850861,2.009487,N
0,2,0,180.052861,1.847286,N
0,2,0,180.266861,2.043928,N
0,2,0,199.660861,1.938728,N
0,2,0,163.709861,1.6462,N
0,3,1,190.000861,2.034562,N
0,2,0,199.552861,2.048706,N
0,2,0,191.530861,1.887956,N
0,2,0,189.818861,2.01956,N
0,3,1,192.200861,2.040554,N
0,2,0,208.716861,2.104126,N
0,2,0,188.678861,2.05935,N
0,2,0,172.194861,1.932221,N
0,2,0,184.426861,2.032818,N
0,2,0,200.570861,2.102779,N
0,2,0,188.098861,1.929836,N
0,3,1,203.770861,2.025999,N
0,2,0,199.586861,2.196566,N
0,2,0,203.804861,2.040325,N
0,2,0,182.764861,1.877596,N
0,2,0,194.012861,1.899707,N
0,2,0,180.572861,1.990338,N
0,2,0,182.722861,1.913021,N
0,2,0,183.806861,1.940473,N
0,2,0,221.212861,2.218795,N
0,2,0,184.542861,1.926774,N
0,2,0,200.668861,2.122952,N
0,2,0,201.934861,2.351188,N
0,2,0,185.526861,2.049642,N
0,2,0,188.860861,2.091292,N
0,2,0,192.680861,1.984737,N
0,2,0,177.470861,1.904509,N
0,2,0,183.236861,1.828667,N
0,2,0,176.974861,1.842717,N
0,2,0,203.854861,2.17821,N
0,2,0,169.936861,1.787797,N
0,3,1,204.696861,2.012826,N
0,2,0,200.520861,2.031907,N
0,2,0,190.298861,1.985512,N
0,2,0,164.496861,1.755149,N
0,2,0,204.698861,2.079617,N
0,2,0,181.432861,1.920799,N
0,2,0,191.968861,2.090569,N
0,2,0,205.118861,2.026851,N
0,2,0,188.296861,1.825141,N
0,2,0,201.100861,2.003188,N
0,2,0,199.710861,1.927826,N
0,2,0,186.048861,2.018593,N
0,2,0,198.626861,2.104311,N
0,2,0,177.420861,1.919311,N
0,3,1,189.372861,2.15942,N
0,2,0,193.102861,2.027287,N
0,3,1,178.248861,1.713643,N
0,2,0,195.542861,1.960083,N
0,2,0,191.250861,2.098446,N
0,2,0,184.964861,1.772045,N
0,2,0,162.179861,1.838852,N
0,2,0,175.080861,1.852247,N
0,2,0,191.522861,1.938229,N
0,2,0,180.192861,1.81541,N
0,2,0,206.838861,2.024075,N
0,2,0,197.666861,2.178754,N
0,3,1,184.698861,1.94989,N
0,2,0,143.852861,1.588024,N
0,2,0,193.068861,1.976908,N
0,2,0,178.166861,2.060457,N
0,3,1,170.028861,1.746755,N
0,3,1,209.062861,2.29042,N
0,2,0,137.742861,1.525253,N
0,3,1,193.944861,2.200793,N
0,3,1,170.664861,1.768602,N
0,4,2,211.362861,2.202276,N
0,4,2,188.718861,1.974437,N
0,3,1,174.998861,1.973073,N
0,4,2,183.294861,2.005093,N
0,4,2,192.540861,2.076777,N
0,4,2,163.974861,1.744595,N
0,3,1,200.734861,2.173116,N
0,3,1,193.010861,1.910728,N
0,3,1,176.380861,2.03809,N
0,3,1,165.082861,1.643385,N
0,4,2,184.028861,1.764095,N
0,2,0,181.970861,1.986135,N
0,4,2,197.964861,2.057072,N
0,3,1,187.362861,2.076305,N
0,2,0,172.434861,1.950406,N
0,3,1,184.236861,1.852611,N
0,3,1,189.496861,1.901882,N
0,3,1,178.224861,1.940895,N
0,2,0,155.886861,1.752001,N
0,4,2,202.670861,2.005123,N
0,3,1,203.091861,2.221656,N
0,3,1,165.496861,1.887162,N
0,3,1,178.868861,1.848637,N
0,3,1,192.845861,2.04019,N
0,3,1,172.378861,1.911732,N
0,3,1,174.866861,1.876565,N
0,2,0,183.144861,2.034276,N
0,2,0,192.630861,1.879394,N
0,4,2,175.478861,1.82714,N
0,3,1,192.208861,1.940184,N
0,3,1,170.358861,1.975145,N
0,3,1,175.701861,1.874705,N
0,3,1,176.454861,1.816388,N
0,4,2,179.704861,1.869869,N
0,4,2,187.346861,2.006142,N
0,3,1,158.078861,1.753141,N
0,2,0,157.556861,1.609052,N
0,4,2,152.760861,1.725102,N
0,2,0,152.636861,1.757838,N
0,3,1,183.152861,1.993077,N
0,4,2,203.142861,2.027324,N
0,4,2,183.310861,1.932532,N
0,4,2,163.454861,1.716028,N
0,3,1,156.019861,1.941303,N
0,2,0,165.462861,1.608568,N
0,3,1,203.464861,2.246094,N
0,3,1,202.786861,2.069609,N
0,3,1,210.370861,2.231881,N
0,3,1,153.248861,1.790433,N
0,3,1,179.026861,1.84903,N
0,2,0,159.888861,1.682088,N
0,3,1,153.422861,1.630011,N
0,3,1,203.588861,1.905927,N
0,3,1,178.712861,1.80511,N
0,4,2,163.412861,1.723964,N
0,3,1,207.674861,2.301397,N
0,3,1,163.081861,1.730179,N
0,3,1,209.576861,2.136112,N
0,3,1,178.456861,1.874825,N
0,3,1,188.256861,2.050145,N
0,4,2,158.508861,1.708454,N
0,3,1,164.918861,1.726621,N
0,3,1,190.744861,2.042529,N
0,4,2,182.508861,1.965699,N
0,3,1,175.726861,1.855172,N
0,4,2,184.624861,1.751698,N
0,3,1,192.010861,2.002006,N
0,3,1,176.298861,1.847037,N
0,3,1,174.262861,1.906291,N
0,3,1,172.932861,2.003297,N
0,3,1,183.648861,1.989612,N
0,4,2,191.398861,2.079718,N
0,2,0,171.566861,1.749838,N
0,3,1,175.362861,1.829675,N
0,3,1,157.672861,1.772074,N
0,4,2,193.846861,1.974496,N
0,3,0,143.142861,1.546225,N
0,3,1,200.412861,2.247081,N
0,4,2,194.640861,2.130812,N
0,3,1,206.640861,2.156019,N
0,4,2,174.452861,1.775794,N
0,3,1,193.590861,1.92002,N
0,2,0,168.624861,1.915023,N
0,2,0,170.614861,1.958364,N
0,3,1,182.516861,1.897838,N
0,3,1,195.392861,2.030346,N
0,3,1,208.394861,2.143745,N
0,3,1,174.304861,1.717108,N
0,4,2,172.220861,1.82071,N
0,3,1,171.268861,1.824797,N
0,2,0,162.940861,1.593542,N
0,3,1,190.314861,2.023399,N
0,3,1,183.442861,1.982998,N
0,2,0,182.152861,1.94912,N
0,3,1,179.084861,1.799662,N
0,3,1,183.880861,1.949463,N
0,2,0,169.120861,1.784182,N
0,3,1,146.888861,1.81363,N
0,2,0,154.504861,1.627712,N
0,2,0,189.454861,1.972663,N
0,2,0,172.012861,1.778974,N
0,3,1,174.792861,2.003007,N
0,2,0,154.082861,1.794033,N
0,2,0,179.514861,1.926444,N
0,3,1,169.746861,1.852715,N
0,3,1,188.164861,2.050672,N
0,3,1,179.390861,1.872984,N
0,2,0,151.386861,1.631691,N
0,4,2,170.714861,1.934063,N
0,3,1,179.200861,1.906591,N
0,3,1,186.932861,2.084446,N
0,3,1,188.834861,1.946419,N
0,2,0,181.804861,1.928816,N
0,2,0,169.589861,1.773084,N
0,3,1,210.138861,2.164566,N
0,3,1,174.304861,1.92419,N
0,3,1,161.022861,1.680057,N
0,3,1,190.208861,1.991395,N
0,3,1,174.056861,1.857153,N
0,3,1,184.814861,1.945672,N
0,3,1,206.094861,2.184971,N
0,3,1,198.998861,2.148005,N
0,2,0,166.322861,1.918653,N
0,3,1,175.304861,1.881265,N
0,2,0,172.252861,1.822329,N
0,3,1,185.874861,1.894529,N
0,2,0,165.008861,1.861926,N
0,3,1,159.798861,1.786072,N
0,3,1,172.550861,1.846375,N
0,3,1,202.397861,2.199232,N
0,3,1,198.220861,2.051398,N
0,3,1,184.012861,1.997981,N
0,3,1,189.140861,1.978852,N
0,3,1,166.704861,1.830507,N
0,2,0,176.454861,1.78574,N
0,3,1,187.048861,2.021979,N
0,3,1,187.288861,1.964888,N
0,3,1,172.476861,1.933856,N
0,2,0,145.912861,1.655749,N
0,3,1,206.714861,2.065559,N
0,4,2,203.794861,2.201386,N
0,3,1,160.766861,1.798304,N
0,4,2,182.714861,1.969353,N
0,2,0,180.042861,1.978465,N
0,3,1,162.693861,1.681466,N
0,3,1,185.650861,1.993735,N
0,3,1,166.108861,1.871346,N
0,3,1,167.886861,1.835163,N
0,3,1,165.662861,1.869305,N
0,3,1,198.526861,1.945078,N
0,3,1,183.674861,1.950035,N
0,3,1,180.158861,1.943223,N
0,3,1,180.052861,2.009299,N
0,3,1,202.306861,2.109357,N
0,4,2,201.752861,2.00469,N
0,4,2,169.598861,1.727509,N
0,4,1,177.628861,2.045658,N
0,4,2,175.974861,1.891194,N
0,4,2,184.452861,2.084666,N
0,4,2,180.928861,1.742446,N
0,4,2,172.468861,1.924666,N
0,4,2,185.990861,1.967668,N
0,4,2,162.776861,1.780643,N
0,3,1,178.522861,1.955835,N
0,4,2,177.992861,1.857116,N
0,2,0,176.040861,1.770195,N
0,2,0,172.748861,1.77001,N
0,2,0,161.716861,1.595048,N
0,3,1,153.678861,1.739656,N
0,4,2,211.362861,2.202276,N
0,3,1,182.144861,1.932423,N
0,3,1,217.854861,2.374242,N
0,3,1,194.888861,2.195575,N
0,2,0,148.988861,1.720132,N
0,3,1,171.078861,1.89585,N
0,4,2,180.580861,1.966552,N
0,2,0,167.605861,1.941587,N
0,3,1,195.112861,2.026062,N
0,2,0,152.634861,1.649967,N
0,3,1,191.522861,2.133962,N
0,4,2,187.032861,1.884321,N
0,3,1,190.348861,2.190323,N
0,4,2,194.550861,2.142774,N
0,3,1,158.640861,1.702437,N
0,3,1,186.188861,2.071301,N
0,3,1,181.896861,1.896552,N
0,2,0,186.080861,2.071711,N
0,3,1,193.978861,1.973269,N
0,4,2,175.436861,1.973289,N
0,3,1,185.171861,2.016549,N
0,4,2,171.202861,1.965113,N
0,3,1,155.166861,1.767925,N
0,3,1,169.888861,1.787292,N
0,3,1,180.828861,1.860175,N
0,3,1,170.094861,1.783269,N
0,3,1,161.732861,1.750888,N
0,3,1,155.952861,1.78859,N
0,3,1,175.427861,1.94856,N
0,4,2,154.356861,1.745926,N
0,3,1,159.624861,1.876223,N
0,2,0,145.937861,1.715346,N
0,3,1,170.136861,1.94325,N
0,3,1,167.298861,1.821909,N
0,3,1,154.536861,1.680427,N
0,3,1,153.330861,1.724643,N
0,4,1,154.992861,1.773189,N
0,3,1,153.528861,1.766639,N
0,4,2,155.628861,1.7983,N
0,3,1,169.712861,1.862126,N
0,4,2,160.054861,1.868347,N
0,3,1,170.250861,1.820454,N
0,3,1,146.350861,1.692512,N
0,4,2,139.370861,1.525749,N
0,3,1,152.866861,1.795232,N
1,3,3,146.863861,1.549377,N
0,2,0,162.626861,1.722917,N
0,3,1,166.156861,1.820357,N
0,2,0,145.812861,1.629751,N
0,6,2,118.124861,1.577862,N
0,3,1,162.162861,1.838659,N
0,3,1,163.336861,1.856474,N
0,3,1,174.346861,1.827847,N
0,2,0,156.994861,1.713532,N
0,3,1,162.494861,1.726395,N
0,3,1,156.778861,1.69228,N
0,3,1,152.164861,1.777768,N
0,3,1,160.600861,1.85731,N
0,3,1,149.914861,1.690256,N
0,2,0,152.264861,1.693906,N
0,2,0,152.122861,1.771212,N
0,2,0,157.746861,1.719168,N
0,2,0,168.200861,1.807647,N
0,3,1,138.096861,1.530352,N
0,3,1,164.122861,1.725432,N
0,4,2,165.058861,1.893024,N
0,3,1,158.912861,1.740994,N
0,4,2,161.816861,1.77281,N
0,3,1,156.902861,1.753704,N
0,3,1,154.786861,1.77229,N
0,3,1,151.882861,1.698929,N
0,3,1,157.176861,1.759531,N
0,3,1,162.345861,1.740938,N
0,3,1,173.592861,1.836505,N
0,2,0,158.416861,1.747461,N
0,2,0,157.250861,1.660118,N
0,3,1,155.248861,1.750396,N
0,2,0,146.268861,1.594078,N
0,3,1,162.724861,1.827403,N
0,3,1,163.684861,1.75403,N
0,2,0,155.192861,1.748369,N
0,3,1,157.166861,1.770607,N
0,3,1,141.148861,1.567807,N
0,2,0,152.654861,1.723905,N
0,3,1,149.740861,1.711696,N
0,3,1,154.934861,1.688522,N
0,3,1,159.226861,1.858682,N
0,4,2,168.126861,1.883595,N
0,2,0,154.918861,1.776731,N
0,2,0,155.786861,1.652784,N
0,3,1,162.476861,1.83189,N
0,2,0,149.120861,1.633717,N
0,3,1,167.612861,1.961618,N
0,5,1,99.508861,1.549958,N
0,3,1,167.612861,1.870475,N
0,2,0,162.568861,1.749662,N
0,3,1,165.602861,1.908752,N
0,3,1,161.344861,1.720288,N
0,4,2,156.018861,1.670677,N
0,3,1,171.252861,1.903663,N
0,2,0,133.788861,1.3302,N
0,3,1,172.466861,1.737572,N
0,3,1,152.188861,1.757077,N
0,4,2,160.162861,1.792958,N
0,3,1,162.162861,1.703644,N
0,3,1,165.678861,1.749094,N
0,2,0,153.958861,1.687993,N
0,2,0,144.084861,1.659349,N
0,4,2,167.852861,1.768334,N
0,3,0,147.060861,1.407286,N
0,3,1,156.564861,1.593708,N
0,3,1,154.702861,1.684737,N
0,3,1,159.458861,1.696548,N
0,3,1,158.176861,1.767943,N
0,3,1,158.706861,1.67902,N
0,3,1,152.420861,1.620515,N
0,4,2,168.406861,1.90179,N
0,3,1,147.888861,1.602196,N
0,2,0,155.720861,1.75292,N
0,4,2,155.960861,1.772639,N
0,2,0,163.296861,1.880604,N
0,3,1,164.288861,1.734419,N
0,2,0,152.958861,1.754252,N
0,3,1,162.684861,1.812647,N
0,4,2,168.414861,1.86489,N
0,4,2,169.606861,1.986664,N
0,2,0,152.604861,1.82733,N
0,3,1,168.894861,1.901217,N
0,3,1,179.240861,1.959273,N
0,3,1,165.172861,1.934727,N
0,2,0,136.392861,1.368039,N
0,2,0,157.226861,1.816765,N
0,3,1,177.908861,1.962473,N
0,3,1,152.238861,1.67293,N
0,3,1,177.371861,1.952078,N
0,3,1,165.892861,1.74283,N
0,3,1,153.950861,1.768555,N
0,3,1,158.128861,1.809066,N
0,3,1,152.776861,1.693032,N
0,3,1,152.006861,1.722116,N
0,3,1,164.892861,1.80924,N
0,3,1,158.102861,1.782574,N
0,3,1,152.246861,1.737492,N
0,3,1,152.950861,1.641376,N
0,3,1,153.602861,1.768963,N
0,3,1,166.016861,1.788073,N
0,3,1,152.850861,1.787317,N
0,2,0,155.704861,1.737588,N
0,3,1,163.014861,1.893199,N
0,3,1,157.052861,1.711605,N
0,3,1,152.808861,1.707945,N
0,2,0,163.222861,1.900452,N
0,2,0,144.902861,1.553885,N
0,2,0,153.768861,1.541349,N
0,4,1,157.672861,1.766475,N
0,2,0,145.448861,1.550802,N
0,4,2,145.606861,1.699693,N
0,3,1,179.804861,1.878593,N
0,2,0,158.648861,1.71372,N
0,3,1,162.370861,1.774868,N
0,2,0,149.128861,1.672072,N
0,3,1,168.530861,1.645248,N
0,2,0,162.394861,1.750339,N
0,3,1,167.438861,1.83302,N
0,3,1,155.934861,1.680711,N
0,3,1,131.878861,1.484535,N
0,3,1,149.675861,1.732422,N
0,3,1,159.880861,1.691441,N
0,4,2,155.372861,1.695829,N
0,3,1,163.620861,1.738358,N
0,3,1,145.481861,1.657577,N
0,3,1,151.196861,1.675523,N
0,3,1,163.064861,1.737387,N
0,3,1,157.548861,1.683426,N
0,3,1,155.794861,1.694106,N
0,4,2,158.094861,1.679648,N
0,3,1,154.976861,1.824761,N
0,2,0,153.280861,1.706536,N
0,2,0,164.404861,1.801163,N
0,2,0,161.262861,1.74967,N
0,3,1,157.026861,1.667119,N
0,2,0,148.078861,1.622301,N
0,3,1,164.238861,1.825694,N
0,3,1,154.150861,1.807181,N
0,2,0,161.186861,1.724774,N
0,3,1,179.902861,1.824159,N
0,2,0,150.660861,1.764743,N
0,3,1,174.650861,1.841235,N
0,3,1,155.430861,1.640904,N
0,3,1,159.756861,1.707018,N
0,3,1,152.370861,1.678205,N
0,3,1,165.172861,1.796082,N
0,3,1,156.604861,1.794585,N
0,3,1,148.690861,1.709547,N
0,3,1,157.664861,1.698118,N
0,3,1,150.088861,1.722761,N
0,3,1,168.960861,1.833192,N
0,2,0,146.400861,1.58842,N
0,2,0,168.770861,1.781736,N
0,2,0,153.528861,1.688388,N
0,6,2,114.718861,1.460458,N
0,3,1,164.288861,1.822011,N
0,3,1,159.152861,1.807453,N
0,4,2,154.438861,1.769764,N
0,3,1,161.204861,1.798965,N
0,4,2,164.214861,1.824012,N
0,3,1,176.394861,1.883446,N
0,3,1,171.789861,1.932268,N
0,2,0,148.128861,1.627766,N
0,4,2,175.346861,1.958316,N
0,3,1,168.456861,1.797402,N
0,3,1,176.668861,2.019512,N
0,3,1,174.278861,1.984064,N
0,2,0,150.906861,1.735025,N
0,2,0,159.044861,1.708009,N
0,2,0,160.724861,1.809249,N
0,3,1,155.952861,1.648726,N
0,3,1,157.176861,1.709134,N
0,3,1,143.604861,1.574473,N
0,3,1,146.044861,1.66535,N
0,3,1,153.056861,1.626123,N
0,2,0,151.899861,1.711271,N
0,2,0,176.412861,1.895901,N
0,3,1,140.312861,1.522366,N
0,3,1,167.802861,1.858113,N
0,3,1,161.566861,1.823087,N
0,2,0,209.690861,2.099251,N
0,3,1,164.552861,1.668515,N
0,2,0,209.798861,2.055516,N
0,3,1,217.622861,2.084923,N
0,2,0,180.679861,2.068762,N
0,3,1,201.734861,2.009504,N
0,2,0,186.808861,1.945112,N
0,2,0,196.046861,1.989139,N
0,2,0,179.448861,1.857126,N
0,3,1,216.761861,2.087538,N
0,2,0,186.188861,2.119652,N
0,3,1,191.770861,1.882295,N
0,2,0,187.378861,2.087789,N
0,3,1,207.970861,2.050008,N
0,3,1,206.010861,2.145049,N
0,2,0,190.430861,1.852398,N
0,2,0,202.926861,1.965788,N
0,3,1,224.403861,2.272451,N
0,3,1,221.409861,2.255248,N
0,2,0,195.185861,2.015923,N
0,2,0,180.092861,2.037025,N
0,3,1,201.082861,2.078222,N
0,3,1,201.736861,2.123822,N
0,2,0,194.822861,1.932238,N
0,2,0,184.914861,1.93597,N
0,3,1,189.934861,1.856424,N
0,2,0,190.354861,1.990185,N
0,3,1,169.855861,1.952888,N
0,2,0,188.785861,1.836397,N
0,2,0,179.488861,1.773592,N
0,2,0,178.926861,2.074482,N
0,3,1,210.468861,2.025752,N
0,2,0,166.490861,1.633175,N
0,2,0,197.508861,2.02104,N
0,3,1,192.232861,1.958056,N
0,3,1,186.666861,1.915144,N
0,3,1,218.962861,2.305172,N
0,2,0,199.998861,1.970224,N
0,3,1,196.194861,2.066917,N
0,2,0,201.503861,2.035313,N
0,3,1,215.314861,2.161004,N
0,3,1,209.550861,2.248772,N
0,2,0,176.858861,1.880336,N
0,2,0,213.396861,2.177892,N
0,2,0,186.278861,1.763405,N
0,3,1,211.047861,2.188569,N
0,2,0,191.902861,2.238198,N
0,3,1,194.474861,2.001882,N
0,2,0,189.950861,2.153729,N
0,3,1,189.801861,1.763316,N
0,2,0,192.556861,1.921678,N
0,3,1,183.830861,1.85919,N
0,2,0,188.114861,1.833142,N
0,2,0,174.220861,2.028505,N
0,3,1,192.084861,2.133577,N
0,3,1,215.232861,2.107486,N
0,2,0,175.874861,1.99413,N
0,3,1,183.814861,1.831001,N
0,2,0,216.886861,2.153731,N
0,3,1,178.727861,1.936299,N
0,2,0,191.174861,2.068099,N
0,2,0,180.225861,1.946794,N
0,2,0,157.474861,1.854173,N
0,2,0,178.810861,2.050743,N
0,2,0,203.480861,1.969993,N
0,3,1,212.064861,1.976588,N
0,3,1,193.664861,1.904347,N
0,3,1,205.440861,2.000787,N
0,3,1,198.510861,2.008949,N
0,3,1,187.784861,1.855568,N
0,3,1,210.660861,2.187514,N
0,3,1,205.332861,2.136534,N
0,3,1,179.636861,1.817942,N
0,2,0,186.468861,2.014231,N
0,3,1,191.142861,2.039457,N
0,3,1,206.920861,2.388978,N
0,3,1,190.810861,2.159993,N
0,2,0,195.020861,1.940207,N
0,2,0,189.470861,2.162305,N
0,3,1,190.472861,1.935089,N
0,2,0,204.034861,1.980027,N
0,2,0,184.360861,1.914413,N
0,3,1,219.392861,2.214583,N
0,3,1,212.204861,2.182938,N
0,2,0,191.670861,2.08422,N
0,2,0,194.508861,1.999572,N
0,2,0,193.606861,2.09595,N
0,2,0,152.505861,1.667034,N
0,3,1,192.282861,1.983284,N
0,2,0,177.718861,1.824547,N
0,3,1,185.608861,1.835192,N
0,3,1,206.366861,1.994414,N
0,3,1,196.401861,2.019032,N
0,3,1,169.829861,1.713191,N
0,3,1,208.069861,2.102982,N
0,3,1,199.395861,1.943073,N
0,3,1,210.518861,2.076392,N
0,3,1,195.979861,2.276043,N
0,2,0,197.062861,1.878226,N
0,3,1,197.832861,2.009862,N
0,2,0,173.790861,2.001458,N
0,2,0,170.019861,1.685203,N
0,3,1,200.628861,2.00853,N
0,3,1,198.908861,2.011682,N
0,2,0,192.688861,1.893599,N
0,3,1,200.652861,1.981506,N
0,3,1,205.540861,2.122872,N
0,2,0,201.206861,2.119719,N
0,3,1,173.682861,1.663958,N
0,2,0,197.212861,2.104223,N
0,3,1,186.038861,1.809676,N
0,3,1,190.108861,1.95694,N
0,3,1,227.068861,2.305388,N
0,2,0,205.324861,2.06861,N
0,3,1,217.290861,2.131492,N
0,2,0,211.320861,2.09846,N
0,2,0,193.268861,2.019264,N
0,3,1,214.736861,2.124498,N
0,3,1,201.016861,2.10455,N
0,3,1,226.462861,2.321903,N
0,2,0,159.633861,1.781434,N
0,3,1,201.934861,1.940228,N
0,3,1,211.800861,2.098033,N
0,3,1,189.802861,1.914672,N
0,3,1,198.600861,2.011154,N
0,3,1,211.254861,2.077313,N
0,3,1,204.416861,2.033685,N
0,3,1,222.618861,2.251476,N
0,3,1,206.954861,2.066661,N
0,3,1,175.734861,1.902471,N
0,2,0,178.538861,1.864088,N
0,3,1,213.644861,2.193381,N
0,3,1,203.348861,2.009361,N
0,3,1,199.966861,2.039494,N
0,3,1,202.538861,2.11322,N
0,3,1,193.169861,1.919406,N
0,3,1,199.388861,2.22508,N
0,3,1,214.884861,2.148545,N
0,3,1,195.466861,1.945855,N
0,2,0,180.142861,1.685506,N
0,2,0,177.330861,1.838923,N
0,2,0,185.412861,1.939848,N
0,2,0,187.386861,2.119527,N
0,2,0,202.760861,2.023512,N
0,3,1,187.768861,1.959115,N
0,3,1,179.430861,1.921377,N
0,3,1,208.384861,2.052836,N
0,2,0,199.594861,2.010881,N
0,3,1,214.355861,2.082652,N
0,3,1,209.732861,2.125253,N
0,2,0,201.612861,2.018381,N
0,3,1,187.776861,1.804195,N
0,3,1,207.648861,2.209261,N
0,3,1,195.954861,2.076003,N
0,2,0,191.928861,2.006641,N
0,3,1,192.108861,1.949183,N
0,3,1,197.610861,2.247855,N
0,3,1,171.012861,1.948469,N
0,2,0,210.808861,2.192023,N
0,3,1,205.183861,2.357109,N
0,3,1,190.074861,1.938604,N
0,2,0,188.132861,1.960233,N
0,3,1,213.370861,2.199324,N
0,3,1,203.620861,1.972511,N
0,2,0,170.664861,1.869745,N
0,3,1,185.062861,2.021396,N
0,3,1,198.022861,1.94014,N
0,2,0,193.416861,1.993648,N
0,3,1,197.774861,2.158629,N
0,3,1,209.112861,2.031711,N
0,3,1,186.246861,1.962115,N
0,3,1,213.098861,2.300201,N
0,3,1,214.355861,2.082652,N
0,3,1,212.470861,2.190048,N
0,2,0,181.142861,1.956699,N
0,3,1,165.785861,1.814924,N
0,2,0,208.368861,2.165181,N
0,3,1,191.159861,1.98636,N
0,2,0,181.084861,1.846913,N
0,3,1,180.548861,1.814374,N
0,3,1,207.260861,2.006589,N
0,3,1,206.020861,2.297292,N
0,3,1,216.596861,2.145541,N
0,2,0,182.134861,1.883656,N
0,3,1,181.558861,1.990598,N
0,3,1,193.820861,1.909364,N
0,3,1,179.480861,1.866269,N
0,3,1,187.668861,2.00959,N
0,2,0,190.669861,1.831992,N
0,3,1,217.986861,2.125508,N
0,2,0,181.192861,1.887923,N
0,2,0,179.076861,1.806472,N
0,3,1,196.756861,1.968527,N
0,3,1,197.278861,2.054128,N
0,3,1,176.238861,2.031343,N
0,2,0,169.606861,1.716437,N
0,3,1,201.032861,2.117886,N
0,3,1,221.658861,2.182271,N
0,3,1,206.598861,2.024164,N
0,3,1,191.894861,1.871094,N
1,1,1,144.994861,1.584932,N
1,1,1,147.582861,1.600061,N
1,1,1,159.516861,1.508366,N
1,1,1,167.272861,1.592477,N
1,1,1,133.812861,1.555376,N
1,1,1,139.452861,1.332184,N
1,1,1,137.376861,1.478531,N
1,1,1,130.703861,1.344543,N
1,1,1,140.188861,1.490467,N
1,1,1,137.872861,1.329343,N
1,1,1,142.720861,1.598961,N
1,1,1,151.162861,1.542743,N
1,1,1,133.340861,1.391232,N
1,1,1,171.996861,1.786024,N
1,1,1,137.046861,1.442786,N
1,1,1,171.326861,1.61913,N
1,1,1,171.946861,1.766459,N
1,1,1,138.724861,1.516395,N
1,1,1,135.044861,1.339365,N
1,1,1,152.528861,1.462137,N
1,1,1,149.634861,1.542364,N
1,1,1,141.528861,1.53556,N
1,1,1,135.574861,1.437334,N
1,1,1,161.782861,1.629932,N
1,1,1,135.110861,1.385279,N
1,1,1,136.648861,1.467495,N
1,1,1,136.020861,1.390027,N
1,1,1,141.462861,1.427947,N
1,1,1,142.016861,1.478723,N
1,1,1,130.214861,1.317787,N
1,1,1,141.661861,1.548499,N
1,1,1,133.696861,1.490824,N
1,1,1,134.110861,1.387921,N
1,1,1,137.220861,1.509045,N
1,1,1,143.026861,1.613885,N
1,1,1,135.648861,1.462062,N
1,1,1,157.680861,1.589619,N
1,1,1,133.920861,1.564621,N
1,1,1,141.346861,1.401002,N
1,1,1,144.804861,1.536273,N
1,1,1,162.790861,1.705517,N
1,1,1,134.962861,1.377408,N
1,1,1,143.332861,1.556284,N
1,1,1,149.244861,1.56576,N
1,1,1,161.202861,1.669421,N
1,2,2,149.890861,1.65977,N
1,1,1,154.884861,1.451577,N
1,1,1,128.180861,1.303085,N
1,1,1,138.261861,1.469979,N
1,1,1,136.790861,1.384336,N
1,1,1,129.628861,1.373326,N
1,1,1,148.450861,1.623929,N
1,1,1,139.270861,1.622955,N
1,1,1,135.732861,1.339581,N
1,1,1,132.464861,1.343152,N
1,1,1,133.382861,1.534821,N
1,1,1,135.168861,1.543856,N
1,1,1,156.952861,1.685543,N
1,1,1,133.820861,1.400076,N
1,1,1,140.264861,1.510713,N
1,1,1,150.428861,1.510733,N
1,1,1,138.360861,1.353152,N
1,1,1,132.994861,1.398182,N
1,2,1,139.850861,1.458158,N
1,1,1,164.388861,1.725833,N
1,1,1,136.294861,1.45424,N
1,1,1,138.898861,1.395824,N
1,1,1,137.022861,1.346556,N
1,1,1,131.298861,1.422464,N
1,1,1,150.204861,1.641882,N
1,1,1,146.624861,1.578063,N
1,1,1,133.920861,1.564621,N
1,1,1,136.294861,1.45424,N
1,1,1,142.992861,1.440626,N
1,1,1,134.598861,1.521221,N
1,1,1,138.558861,1.482644,N
1,1,1,132.960861,1.419682,N
1,1,1,136.096861,1.438809,N
1,1,1,133.200861,1.464837,N
1,1,1,140.403861,1.630603,N
1,1,1,131.504861,1.514472,N
1,1,1,130.678861,1.33456,N
1,1,1,137.344861,1.547297,N
1,1,1,146.102861,1.51714,N
1,1,1,149.534861,1.514282,N
1,1,1,131.000861,1.502421,N
1,1,1,133.688861,1.416339,N
1,1,1,160.144861,1.525486,N
1,1,1,141.974861,1.468318,N
1,1,1,133.358861,1.370034,N
1,1,1,134.920861,1.559018,N
1,1,1,140.494861,1.446224,N
1,1,1,138.906861,1.381086,N
1,1,1,130.942861,1.514323,N
1,1,1,138.782861,1.456001,N
1,1,1,143.298861,1.432786,N
1,1,1,140.328861,1.519173,N
1,1,1,136.690861,1.469011,N
1,1,1,131.596861,1.338682,N
1,2,2,159.598861,1.608955,N
1,1,1,130.702861,1.383729,N
1,1,1,134.210861,1.3063,N
1,1,1,155.008861,1.653914,N
1,1,1,139.038861,1.390192,N
1,1,1,160.004861,1.708443,N
1,1,1,138.700861,1.477798,N
1,1,1,134.970861,1.428913,N
1,1,1,146.002861,1.667599,N
1,1,1,138.502861,1.444103,N
1,1,1,135.044861,1.483988,N
1,1,1,151.742861,1.603092,N
1,1,1,136.938861,1.45077,N
1,1,1,140.594861,1.548505,N
1,1,1,147.193861,1.46439,N
1,1,1,142.372861,1.539036,N
1,1,1,131.554861,1.400662,N
1,1,1,133.780861,1.445097,N
1,1,1,162.286861,1.573958,N
1,1,1,127.080861,1.325012,N
1,1,1,133.862861,1.420187,N
1,1,1,141.950861,1.529987,N
1,1,1,137.616861,1.411906,N
1,1,1,136.988861,1.412959,N
1,1,1,157.770861,1.501162,N
1,1,1,131.886861,1.367668,N
1,1,1,134.838861,1.442839,N
1,1,1,136.740861,1.369799,N
1,1,1,138.650861,1.451608,N
1,1,1,131.290861,1.241465,N
1,1,1,139.386861,1.457308,N
1,1,1,126.510861,1.441427,N
1,1,1,144.564861,1.368521,N
1,1,1,144.712861,1.469243,N
1,1,1,135.524861,1.434779,N
1,1,1,151.890861,1.556296,N
1,1,1,166.546861,1.848482,N
1,1,1,145.880861,1.631792,N
1,1,1,148.698861,1.583194,N
0,2,0,138.732861,1.397708,N
1,1,1,169.530861,1.628884,N
1,1,1,140.214861,1.389782,N
1,1,1,131.960861,1.498641,N
1,1,1,131.910861,1.340135,N
1,1,1,140.072861,1.389232,N
1,1,1,135.838861,1.380937,N
1,1,1,130.852861,1.430346,N
1,1,1,138.460861,1.411262,N
1,1,1,139.618861,1.385586,N
1,1,1,154.222861,1.54201,N
1,1,1,145.482861,1.596269,N
1,1,1,141.982861,1.501036,N
1,1,1,161.500861,1.573794,N
1,1,1,155.670861,1.470347,N
1,1,1,134.052861,1.364553,N
1,1,1,142.520861,1.321912,N
1,1,1,145.662861,1.514625,N
1,1,1,148.162861,1.623221,N
1,1,1,133.564861,1.429206,N
1,1,1,134.796861,1.340223,N
0,3,1,182.069861,1.91811,N
1,1,1,144.142861,1.510147,N
1,1,1,150.874861,1.702441,N
1,1,1,152.404861,1.620345,N
1,1,1,131.348861,1.492901,N
1,1,1,134.498861,1.447556,N
1,1,1,144.108861,1.482439,N
1,1,1,141.810861,1.490865,N
1,1,1,133.216861,1.508025,N
1,1,1,134.632861,1.509539,N
1,1,1,140.386861,1.548576,N
1,1,1,137.012861,1.431504,N
1,1,1,136.872861,1.418415,N
1,1,1,146.490861,1.441351,N
1,1,1,142.041861,1.518822,N
1,1,1,135.186861,1.35766,N
1,1,1,133.126861,1.336972,N
1,1,1,139.312861,1.426479,N
1,1,1,140.214861,1.448171,N
1,1,1,132.432861,1.47328,N
1,1,1,131.556861,1.430543,N
1,1,1,131.894861,1.529192,N
1,1,1,141.164861,1.452154,N
1,1,1,144.994861,1.582557,N
1,1,1,130.380861,1.486734,N
1,1,1,167.182861,1.642946,N
1,1,1,131.604861,1.500691,N
1,1,1,139.214861,1.615425,N
1,1,1,133.622861,1.33688,N
1,1,1,137.930861,1.353019,N
1,1,1,139.188861,1.36125,N
1,1,1,135.260861,1.495467,N
1,1,1,157.680861,1.496903,N
1,1,1,135.168861,1.438116,N
1,1,1,162.552861,1.710115,N
1,1,1,135.722861,1.48025,N
1,1,1,138.774861,1.481761,N
1,1,1,129.826861,1.352719,N
1,1,1,152.288861,1.626056,N
1,1,1,147.854861,1.423925,N
1,1,1,134.152861,1.506539,N
0,2,0,138.784861,1.625635,N
0,2,0,144.398861,1.685592,N
0,2,0,182.978861,1.851763,N
0,2,0,158.018861,1.694537,N
0,2,0,153.702861,1.754108,N
0,2,0,175.700861,1.893754,N
0,2,0,142.744861,1.590474,N
0,2,0,171.086861,1.882908,N
0,2,0,152.742861,1.693963,N
0,3,1,162.716861,1.743657,N
0,2,0,168.282861,1.784096,N
0,2,0,155.786861,1.652784,N
0,2,0,160.186861,1.689931,N
0,2,0,154.314861,1.793681,N
0,2,0,164.386861,1.865383,N
0,2,0,156.414861,1.872952,N
0,2,0,146.730861,1.670446,N
0,3,1,151.196861,1.767976,N
0,2,0,165.314861,1.872885,N
0,2,0,172.814861,1.838648,N
0,2,0,151.948861,1.70369,N
0,2,0,148.640861,1.637123,N
0,2,0,148.458861,1.708299,N
0,3,1,154.100861,1.760091,N
0,2,0,149.070861,1.691584,N
0,2,0,170.870861,1.895008,N
0,2,0,150.244861,1.83239,N
0,2,0,162.898861,1.849995,N
0,2,0,155.670861,1.679091,N
0,2,0,167.190861,1.78902,N
0,3,1,151.386861,1.755183,N
0,2,0,154.264861,1.700362,N
0,3,1,169.258861,1.769623,N
0,2,0,147.474861,1.665408,N
0,2,0,147.632861,1.621086,N
0,3,1,173.674861,1.815793,N
0,2,0,143.156861,1.64048,N
0,2,0,163.964861,1.922235,N
0,3,1,161.550861,1.81135,N
0,2,0,168.646861,1.781675,N
0,2,0,142.090861,1.63912,N
0,2,0,165.982861,1.778655,N
0,2,0,148.276861,1.832524,N
0,2,0,149.682861,1.642353,N
0,2,0,164.320861,1.828026,N
0,2,0,150.038861,1.666552,N
0,2,0,136.212861,1.566084,N
0,2,0,139.510861,1.622985,N
0,3,1,149.352861,1.746414,N
0,2,0,181.216861,1.969082,N
0,2,0,154.016861,1.648052,N
0,2,0,150.344861,1.676462,N
0,2,0,152.180861,1.873594,N
0,2,0,150.558861,1.768127,N
0,2,0,141.908861,1.630219,N
0,2,0,152.122861,1.605981,N
0,2,0,145.928861,1.564888,N
0,2,0,170.292861,1.927728,N
0,2,0,153.842861,1.817754,N
0,2,0,156.216861,1.80661,N
0,2,0,173.450861,2.029941,N
0,2,0,145.448861,1.654504,N
0,2,0,155.810861,1.765212,N
0,2,0,151.600861,1.777287,N
0,2,0,149.732861,1.622174,N
0,2,0,165.818861,1.749347,N
0,2,0,151.692861,1.739733,N
0,2,0,149.520861,1.897725,N
0,2,0,145.166861,1.694557,N
0,2,0,157.456861,1.785301,N
0,2,0,157.786861,1.774764,N
0,2,0,145.076861,1.561402,N
0,2,0,152.742861,1.62625,N
0,2,0,151.684861,1.631335,N
0,2,0,154.744861,1.817286,N
0,2,0,151.072861,1.711535,N
0,2,0,171.490861,1.965168,N
0,2,0,148.996861,1.478654,N
0,2,0,161.186861,1.879952,N
0,2,0,151.204861,1.634509,N
0,2,0,158.738861,1.737778,N
0,2,0,144.538861,1.648178,N
0,2,0,153.876861,1.639492,N
0,2,0,152.370861,1.6447,N
0,2,0,175.890861,1.964391,N
0,2,0,160.798861,1.733136,N
0,2,0,167.670861,1.790296,N
0,2,0,169.258861,1.934808,N
0,2,0,151.700861,1.72422,N
0,2,0,156.224861,1.724601,N
0,2,0,164.692861,1.790863,N
0,2,0,171.358861,1.796521,N
0,2,0,144.654861,1.652202,N
0,3,1,163.626861,1.807698,N
0,2,0,150.964861,1.711692,N
0,2,0,154.818861,1.687258,N
0,2,0,153.950861,1.815847,N
0,2,0,156.414861,1.856303,N
0,2,0,165.056861,1.815163,N
0,3,1,152.378861,1.769676,N
0,2,0,148.756861,1.708887,N
0,3,1,166.504861,1.748048,N
0,2,0,176.800861,1.837155,N
0,3,1,161.518861,1.764231,N
0,2,0,154.818861,1.702574,N
0,2,0,149.740861,1.66067,N
0,2,0,146.796861,1.680806,N
0,2,0,151.386861,1.733361,N
0,3,1,153.710861,1.741421,N
0,2,0,167.802861,1.908784,N
0,3,1,150.800861,1.613639,N
0,2,0,146.184861,1.628803,N
0,2,0,148.988861,1.727381,N
0,2,0,158.036861,1.679032,N
0,2,0,155.596861,1.675845,N
0,2,0,151.204861,1.748648,N
0,2,0,164.288861,1.759233,N
0,2,0,153.056861,1.799023,N
0,2,0,164.552861,1.753241,N
0,2,0,167.090861,1.885418,N
0,2,0,158.242861,1.690841,N
0,3,1,149.352861,1.746414,N
0,3,1,163.560861,1.790566,N
0,2,0,151.626861,1.667471,N
0,2,0,169.588861,1.803043,N
0,2,0,151.634861,1.634364,N
0,2,0,159.540861,1.776231,N
0,2,0,172.102861,1.879837,N
0,2,0,163.354861,1.956053,N
0,3,0,151.138861,1.776479,N
0,2,0,157.158861,1.670889,N
0,2,0,173.442861,1.874899,N
0,2,0,154.786861,1.724647,N
0,2,0,171.788861,1.968583,N
0,2,0,176.684861,1.993675,N
0,2,0,149.566861,1.647322,N
0,2,0,153.404861,1.728226,N
0,2,0,164.668861,1.786624,N
0,2,0,147.788861,1.619124,N
0,2,0,149.252861,1.618167,N
0,3,1,169.332861,1.932483,N
0,2,0,164.990861,1.839776,N
0,2,0,160.102861,1.708266,N
0,2,0,164.255861,1.729234,N
0,2,0,147.268861,1.62698,N
0,2,0,163.956861,1.749388,N
0,2,0,165.900861,1.776495,N
0,2,0,145.704861,1.556871,N
0,2,0,148.880861,1.716013,N
0,3,1,164.982861,1.9392,N
0,2,0,158.400861,1.675783,N
0,2,0,153.528861,1.698746,N
0,2,0,150.700861,1.666174,N
0,3,1,158.374861,1.772942,N
0,2,0,154.992861,1.728291,N
0,2,0,148.028861,1.650637,N
0,2,0,150.534861,1.603885,N
0,2,0,184.598861,1.9221,N
0,2,0,166.214861,1.749858,N
0,3,1,161.814861,1.791807,N
0,2,0,149.352861,1.584524,N
0,2,0,154.090861,1.686894,N
0,2,0,167.918861,1.819197,N
0,2,0,147.284861,1.71781,N
0,2,0,163.328861,1.844445,N
0,2,0,164.014861,1.71362,N
0,2,0,154.578861,1.735923,N
0,2,0,151.998861,1.621798,N
0,2,0,151.270861,1.617505,N
0,2,0,167.488861,1.897515,N
0,2,0,159.168861,1.804712,N
0,2,0,153.834861,1.788102,N
0,2,0,158.482861,1.72848,N
0,3,1,170.978861,1.846908,N
0,2,0,153.652861,1.662192,N
0,2,0,149.270861,1.600726,N
0,3,1,177.644861,2.059619,N
0,2,0,165.494861,1.882531,N
0,2,0,179.256861,1.969827,N
0,2,0,149.054861,1.675216,N
0,2,0,184.722861,2.028354,N
0,2,0,149.376861,1.600707,N
0,2,0,155.050861,1.709026,N
0,2,0,171.416861,1.804623,N
0,2,0,159.012861,1.717652,N
0,2,0,148.202861,1.680375,N
0,2,0,158.796861,1.720371,N
0,2,0,156.820861,1.780969,N
0,2,0,150.782861,1.749659,N
0,3,1,162.741861,1.7816,N
0,3,1,157.266861,1.824898,N
0,3,1,153.834861,1.624055,N
0,2,0,154.942861,1.703938,N
0,3,1,150.038861,1.743979,N
0,2,0,156.150861,1.815022,N
0,2,0,159.962861,1.872088,N
0,2,0,147.912861,1.654522,N
0,2,0,157.216861,1.7083,N
0,2,0,171.276861,1.892213,N
0,3,1,148.872861,1.637185,N
2,0,2,134.564861,1.263231,N
1,1,1,122.978861,1.14313,N
2,0,2,137.938861,1.252616,N
2,0,2,137.426861,1.339198,N
2,0,2,141.064861,1.350685,N
2,0,2,136.732861,1.286436,N
2,0,2,126.642861,1.268642,N
2,0,2,135.524861,1.258384,N
2,0,2,126.063861,1.279903,N
2,0,2,121.424861,1.238431,N
2,0,2,131.892861,1.280693,N
2,0,2,135.292861,1.265867,N
1,1,1,134.324861,1.28541,N
2,0,2,130.578861,1.223107,N
2,0,2,128.973861,1.339271,N
2,0,2,134.539861,1.24186,N
1,1,1,190.942861,1.977409,N
2,0,2,133.556861,1.265026,N
2,0,2,143.967861,1.431406,N
2,0,2,134.258861,1.30989,N
2,0,2,132.216861,1.362828,N
2,0,2,132.199861,1.264347,N
2,0,2,135.590861,1.267958,N
2,0,2,129.520861,1.207222,N
2,0,2,127.378861,1.27682,N
2,0,2,138.212861,1.334181,N
2,0,2,139.130861,1.339128,N
2,0,2,129.438861,1.280603,N
2,0,2,137.318861,1.275733,N
2,0,2,136.896861,1.380973,N
2,0,2,134.804861,1.256472,N
2,0,2,131.372861,1.229189,N
2,0,2,125.534861,1.271243,N
2,0,2,132.951861,1.355997,N
2,0,2,136.706861,1.298527,N
2,0,2,130.884861,1.362814,N
2,0,2,132.075861,1.343555,N
2,0,2,137.152861,1.38179,N
2,0,2,133.878861,1.263102,N
2,0,2,128.338861,1.336304,N
2,0,2,132.827861,1.367301,N
2,0,2,125.392861,1.223389,N
1,1,1,190.538861,1.877032,N
2,0,2,133.208861,1.340346,N
2,0,2,134.861861,1.255633,N
2,0,2,126.650861,1.301121,N
2,0,2,133.084861,1.329825,N
2,0,2,134.366861,1.306265,N
2,0,2,134.350861,1.334959,N
2,0,2,139.700861,1.315092,N
2,0,2,132.886861,1.296504,N
2,0,2,140.552861,1.313638,N
2,0,2,131.670861,1.373808,N
2,0,2,135.582861,1.355637,N
2,0,2,132.720861,1.266422,N
2,0,2,132.944861,1.300966,N
2,0,2,139.046861,1.392899,N
2,0,2,128.924861,1.329784,N
2,0,2,128.370861,1.327624,N
2,0,2,128.775861,1.320327,N
2,0,2,136.954861,1.29357,N
2,0,2,135.862861,1.340864,N
2,0,2,140.569861,1.402859,N
2,0,2,134.224861,1.402375,N
2,0,2,125.600861,1.225419,N
2,0,2,135.283861,1.406702,N
2,0,2,130.892861,1.334125,N
2,0,2,120.126861,1.408302,N
2,0,2,135.094861,1.351607,N
2,0,2,142.478861,1.445625,N
2,0,2,135.516861,1.322164,N
2,0,2,135.912861,1.276593,N
2,0,2,135.772861,1.322291,N
2,0,2,137.054861,1.366071,N
2,0,2,130.726861,1.236132,N
2,0,2,136.102861,1.279797,N
2,0,2,139.013861,1.425297,N
2,0,2,130.430861,1.268754,N
2,0,2,126.980861,1.280943,N
2,0,2,130.966861,1.328822,N
2,0,2,131.330861,1.350095,N
2,0,2,127.254861,1.283707,N
2,0,2,123.937861,1.239982,N
2,0,2,133.250861,1.35025,N
2,0,2,128.784861,1.201674,N
2,0,2,130.198861,1.238115,N
2,0,2,131.877861,1.367575,N
2,0,2,149.782861,1.438308,N
2,0,2,131.148861,1.345546,N
2,0,2,132.422861,1.284319,N
2,0,2,130.578861,1.308071,N
1,1,1,204.348861,2.035542,N
2,0,2,133.125861,1.348984,N
2,0,2,129.594861,1.34572,N
2,0,2,136.102861,1.323928,N
2,0,2,132.009861,1.338539,N
2,0,2,126.858861,1.400423,N
2,0,2,137.930861,1.400386,N
2,0,2,137.632861,1.44095,N
2,0,2,139.336861,1.325765,N
2,0,2,132.009861,1.319083,N
2,0,2,134.432861,1.31316,N
1,1,1,180.796861,1.930449,N
2,0,2,141.097861,1.384923,N
2,0,2,129.983861,1.340706,N
2,0,2,125.592861,1.280105,N
2,0,2,135.052861,1.265014,N
2,0,2,136.830861,1.318526,N
2,0,2,136.202861,1.331247,N
2,0,2,131.496861,1.311491,N
2,0,2,131.472861,1.239017,N
2,0,2,123.938861,1.280927,N
2,0,2,131.778861,1.272818,N
2,0,2,134.424861,1.247495,N
2,0,2,125.774861,1.279457,N
2,0,2,131.306861,1.264558,N
2,0,2,129.032861,1.339884,N
2,0,2,130.066861,1.250432,N
2,0,2,135.532861,1.288838,N
2,0,2,128.792861,1.350261,N
2,0,2,128.626861,1.343888,N
2,0,2,137.243861,1.352839,N
2,0,2,132.034861,1.299906,N
2,0,2,134.068861,1.248931,N
2,0,2,135.300861,1.256985,N
2,0,2,126.038861,1.266591,N
2,0,2,132.150861,1.284722,N
2,0,2,127.634861,1.256588,N
2,0,2,132.902861,1.341541,N
1,1,1,131.795861,1.305529,N
2,0,2,132.438861,1.35431,N
2,0,2,130.082861,1.231427,N
2,0,2,133.316861,1.380633,N
2,0,2,131.934861,1.295769,N
2,0,2,136.276861,1.398158,N
2,0,2,128.958861,1.219414,N
2,0,2,138.278861,1.363874,N
2,0,2,136.954861,1.287808,N
2,0,2,138.634861,1.363225,N
2,1,3,128.668861,1.269088,N
2,0,2,132.994861,1.308561,N
2,0,2,131.952861,1.259094,N
2,0,2,133.060861,1.342277,N
2,0,2,140.419861,1.347618,N
2,0,2,126.493861,1.276847,N
2,0,2,130.512861,1.235498,N
2,0,2,132.273861,1.291296,N
2,0,2,133.474861,1.241368,N
2,0,2,132.026861,1.257644,N
2,0,2,139.816861,1.462808,N
2,0,2,127.808861,1.334426,N
2,0,2,134.307861,1.358334,N
2,0,2,138.443861,1.417581,N
2,0,2,131.918861,1.365235,N
2,0,2,125.831861,1.254208,N
2,0,2,122.450861,1.38839,N
2,0,2,128.668861,1.192144,N
2,0,2,131.554861,1.327085,N
2,0,2,125.046861,1.353733,N
2,0,2,134.746861,1.295425,N
2,0,2,131.256861,1.256051,N
2,0,2,126.527861,1.30506,N
2,0,2,129.296861,1.329185,N
2,0,2,133.398861,1.29455,N
2,0,2,135.408861,1.392017,N
2,0,2,131.232861,1.274285,N
2,0,2,129.528861,1.279135,N
2,0,2,128.676861,1.286587,N
2,0,2,136.128861,1.324969,N
2,0,2,140.304861,1.441392,N
2,0,2,136.020861,1.309194,N
2,0,2,138.972861,1.308967,N
2,0,2,132.390861,1.28782,N
2,0,2,129.562861,1.252884,N
2,0,2,128.254861,1.328211,N
2,0,2,125.956861,1.286337,N
2,0,2,131.198861,1.339871,N
2,0,2,132.736861,1.385879,N
2,0,2,133.911861,1.37846,N
1,1,1,133.447861,1.221363,N
2,0,2,129.404861,1.330296,N
2,0,2,132.836861,1.277805,N
2,0,2,133.134861,1.313941,N
2,1,3,141.726861,1.376182,N
2,0,2,125.856861,1.232347,N
2,0,2,136.747861,1.363863,N
2,0,2,128.528861,1.260791,N
2,0,2,133.068861,1.352777,N
2,0,2,136.019861,1.340774,N
2,0,2,134.018861,1.265839,N
2,0,2,133.266861,1.293269,N
2,0,2,131.364861,1.285505,N
2,0,2,133.258861,1.252359,N
2,0,2,125.368861,1.263068,N
2,0,2,138.095861,1.456876,N
2,0,2,127.990861,1.193613,N
2,0,2,139.352861,1.329705,N
2,0,2,134.431861,1.296923,N
2,0,2,131.752861,1.285441,N
2,0,2,122.523861,1.209959,N
1,1,1,134.632861,1.509539,N
1,1,1,136.938861,1.45077,N
1,1,1,161.782861,1.629932,N
1,1,1,133.490861,1.473635,N
1,1,1,166.546861,1.848482,N
1,1,1,127.230861,1.417616,N
1,1,1,135.260861,1.495467,N
1,1,1,134.374861,1.414656,N
1,1,1,133.862861,1.420187,N
1,1,1,137.616861,1.411906,N
1,1,1,138.816861,1.510611,N
1,1,1,138.650861,1.451608,N
1,1,1,145.482861,1.596269,N
1,1,1,134.110861,1.387921,N
1,1,1,143.332861,1.556284,N
1,1,1,137.376861,1.478531,N
1,1,1,149.534861,1.514282,N
1,1,1,139.188861,1.36125,N
1,1,1,143.298861,1.432786,N
1,1,1,128.469861,1.404298,N
1,1,1,134.920861,1.559018,N
1,1,1,150.874861,1.702441,N
1,1,1,131.778861,1.421388,N
1,1,1,133.820861,1.400076,N
1,1,1,133.688861,1.416339,N
1,1,1,157.680861,1.589619,N
1,1,1,147.854861,1.423925,N
1,1,1,128.775861,1.367185,N
1,1,1,142.588861,1.61934,N
1,1,1,133.812861,1.435998,N
1,1,1,151.742861,1.603092,N
1,1,1,133.622861,1.33688,N
1,1,1,171.516861,1.624576,N
1,1,1,139.096861,1.450297,N
1,1,1,134.432861,1.362228,N
1,1,1,137.988861,1.413854,N
1,1,1,153.562861,1.645564,N
1,1,1,138.088861,1.465022,N
1,1,1,162.286861,1.573958,N
1,1,1,148.698861,1.583194,N
1,1,1,145.880861,1.631792,N
1,1,1,137.758861,1.432438,N
1,1,1,129.536861,1.281572,N
1,1,1,141.810861,1.490865,N
1,1,1,141.486861,1.405865,N
1,1,1,135.028861,1.414662,N
1,2,2,159.598861,1.608955,N
1,1,1,136.252861,1.459019,N
1,1,1,144.804861,1.536273,N
1,1,1,162.790861,1.705517,N
1,1,1,133.126861,1.336972,N
1,1,1,142.992861,1.440626,N
1,1,1,161.202861,1.669421,N
1,2,1,139.850861,1.458158,N
1,1,1,140.214861,1.389782,N
1,1,1,137.038861,1.378883,N
0,3,1,180.340861,1.974264,N
1,1,1,129.330861,1.291504,N
1,1,1,138.840861,1.476135,N
1,1,1,134.970861,1.428913,N
1,1,1,134.796861,1.340223,N
1,1,1,129.826861,1.352719,N
1,1,1,144.994861,1.582557,N
1,1,1,130.894861,1.485332,N
1,1,1,153.082861,1.549213,N
1,1,1,135.772861,1.437404,N
1,1,1,128.180861,1.303085,N
1,1,1,138.270861,1.497997,N
1,1,1,137.608861,1.432826,N
1,1,1,141.528861,1.53556,N
1,1,1,177.470861,1.762322,N
1,1,1,140.494861,1.446224,N
1,1,1,157.770861,1.501162,N
1,1,1,133.358861,1.370034,N
1,1,1,145.662861,1.514625,N
1,1,1,130.380861,1.486734,N
1,1,1,156.952861,1.685543,N
1,1,1,136.888861,1.410044,N
1,1,1,136.790861,1.384336,N
1,1,1,141.982861,1.501036,N
1,1,1,150.428861,1.510733,N
1,1,1,138.261861,1.469979,N
1,1,1,130.214861,1.317787,N
1,1,1,134.672861,1.340656,N
1,1,1,123.236861,1.400701,N
1,1,1,164.800861,1.583437,N
1,1,1,154.884861,1.451577,N
1,1,1,141.462861,1.427947,N
1,1,1,131.596861,1.338682,N
1,1,1,134.144861,1.464134,N
1,1,1,141.346861,1.401002,N
1,1,1,138.460861,1.411262,N
1,1,1,133.920861,1.564621,N
1,1,1,146.350861,1.563774,N
1,1,1,136.988861,1.412959,N
1,1,1,142.016861,1.478723,N
1,1,1,155.008861,1.653914,N
1,1,1,140.264861,1.510713,N
1,1,1,132.522861,1.489415,N
1,1,1,139.850861,1.535636,N
1,1,1,148.128861,1.684989,N
1,1,1,133.564861,1.429206,N
1,1,1,130.578861,1.441489,N
1,1,1,135.070861,1.437074,N
1,1,1,138.576861,1.442905,N
1,1,1,143.736861,1.373109,N
1,1,1,137.930861,1.353019,N
0,3,1,186.312861,1.950606,N
1,1,1,135.326861,1.375732,N
1,1,1,133.812861,1.555376,N
1,1,1,131.910861,1.340135,N
1,1,1,135.102861,1.464756,N
1,1,1,130.702861,1.442858,N
1,1,1,138.724861,1.516395,N
1,1,1,142.372861,1.539036,N
1,1,1,130.852861,1.430346,N
1,1,1,140.610861,1.547502,N
1,1,1,132.472861,1.419565,N
1,1,1,151.162861,1.542743,N
1,1,1,135.574861,1.437334,N
1,1,1,140.403861,1.630603,N
1,1,1,150.360861,1.503396,N
1,1,1,143.026861,1.613885,N
1,1,1,138.906861,1.381086,N
1,1,1,141.974861,1.468318,N
1,1,1,144.994861,1.584932,N
1,1,1,141.256861,1.56658,N
1,1,1,145.862861,1.367023,N
1,1,1,159.358861,1.615849,N
1,1,1,148.450861,1.623929,N
1,1,1,135.168861,1.538819,N
1,2,2,149.890861,1.65977,N
1,1,1,133.382861,1.534821,N
1,1,1,133.564861,1.349087,N
1,1,1,138.650861,1.420637,N
1,1,1,128.230861,1.30956,N
1,1,1,161.500861,1.573794,N
1,1,1,144.514861,1.565643,N
1,1,1,142.098861,1.5065,N
1,1,1,149.634861,1.542364,N
1,1,1,135.954861,1.416569,N
1,1,1,130.926861,1.237328,N
1,1,1,144.712861,1.469243,N
1,1,1,135.722861,1.48025,N
1,1,1,137.220861,1.509045,N
0,2,0,177.752861,1.948869,N
1,1,1,138.558861,1.482644,N
1,1,1,134.688861,1.338318,N
1,1,1,136.872861,1.418415,N
1,1,1,134.928861,1.321973,N
1,1,1,128.594861,1.283351,N
0,2,0,195.864861,2.062003,N
0,2,0,183.906861,1.976439,N
1,1,1,131.686861,1.473021,N
0,2,0,138.732861,1.397708,N
1,1,1,134.598861,1.521221,N
1,1,1,135.186861,1.35766,N
1,1,1,137.186861,1.450333,N
1,1,1,137.502861,1.403331,N
1,1,1,152.528861,1.462137,N
1,1,1,127.370861,1.464424,N
1,1,1,134.482861,1.302759,N
1,1,1,146.490861,1.441351,N
1,1,1,127.080861,1.325012,N
1,1,1,134.780861,1.424896,N
1,1,1,137.046861,1.442786,N
1,1,1,129.306861,1.377709,N
1,1,1,149.294861,1.502203,N
1,1,1,133.878861,1.346231,N
1,1,1,138.774861,1.481761,N
1,1,1,133.200861,1.464837,N
1,1,1,128.354861,1.331942,N
1,1,1,138.782861,1.456001,N
1,1,1,134.814861,1.395206,N
1,1,1,132.158861,1.51445,N
1,1,1,138.716861,1.39488,N
1,1,1,147.706861,1.550698,N
1,1,1,135.996861,1.444872,N
1,1,1,135.044861,1.339365,N
1,1,1,131.886861,1.367668,N
1,1,1,140.512861,1.516704,N
1,1,1,150.592861,1.494493,N
1,1,1,154.222861,1.54201,N
1,1,1,132.960861,1.419682,N
1,1,1,138.178861,1.429059,N
1,1,1,139.214861,1.615425,N
1,1,1,139.618861,1.385586,N
1,1,1,142.992861,1.521359,N
1,1,1,135.648861,1.462062,N
1,1,1,137.022861,1.346556,N
1,1,1,138.700861,1.477798,N
1,1,1,130.042861,1.364308,N
1,1,1,153.256861,1.667748,N
1,1,1,159.268861,1.583536,N
1,1,1,139.882861,1.475729,N
1,1,1,157.498861,1.655794,N
1,1,1,152.404861,1.620345,N
1,1,1,134.672861,1.541987,N
1,1,1,142.926861,1.426381,N
1,1,1,133.920861,1.564621,N
